{"cameraMode":{"drawMode":0,"name":"Shaded","section":"Shading Mode"},"sceneLighting":true,"audioPlay":false,"sceneViewState":{"showFog":true,"showMaterialUpdate":false,"showSkybox":false,"showFlares":true,"showImageEffects":true,"showParticleSystems":true},"in2DMode":false,"pivot":{"x":-1.026362419128418,"y":0.7277482151985169,"z":1.0},"rotation":{"x":0.018904590979218484,"y":0.24493466317653657,"z":-0.004776861052960157,"w":0.9693441390991211},"size":12.240041732788086,"orthographic":true}