{"cameraMode":{"drawMode":0,"name":"Shaded","section":"Shading Mode"},"sceneLighting":true,"audioPlay":false,"sceneViewState":{"showFog":true,"showMaterialUpdate":false,"showSkybox":false,"showFlares":true,"showImageEffects":true,"showParticleSystems":true},"in2DMode":false,"pivot":{"x":1.345657229423523,"y":0.9538550972938538,"z":-11.310598373413086},"rotation":{"x":-0.034802764654159549,"y":-0.003900600131601095,"z":0.000135694514028728,"w":-0.9993885159492493},"size":10.818450927734375,"orthographic":false}